<?xml version="1.0"?>
<doc>
    <assembly>
        <name>H.Recorders.NAudioRecorder</name>
    </assembly>
    <members>
        <member name="T:H.Recorders.NAudioRecorder">
            <summary>
            
            </summary>
        </member>
        <member name="P:H.Recorders.NAudioRecorder.Rate">
            <summary>
            
            </summary>
        </member>
        <member name="P:H.Recorders.NAudioRecorder.Bits">
            <summary>
            
            </summary>
        </member>
        <member name="P:H.Recorders.NAudioRecorder.Channels">
            <summary>
            
            </summary>
        </member>
        <member name="M:H.Recorders.NAudioRecorder.#ctor">
            <summary>
            
            </summary>
        </member>
        <member name="M:H.Recorders.NAudioRecorder.InitializeAsync(System.Threading.CancellationToken)">
            <summary>
            
            </summary>
            <param name="cancellationToken"></param>
            <returns></returns>
        </member>
        <member name="M:H.Recorders.NAudioRecorder.StartAsync(System.Threading.CancellationToken)">
            <summary>
            Calls InitializeAsync if recorder is not initialized.
            </summary>
            <param name="cancellationToken"></param>
            <returns></returns>
        </member>
        <member name="M:H.Recorders.NAudioRecorder.StopAsync(System.Threading.CancellationToken)">
            <summary>
            
            </summary>
            <param name="cancellationToken"></param>
            <returns></returns>
        </member>
        <member name="M:H.Recorders.NAudioRecorder.GetAvailableDevices">
            <summary>
            
            </summary>
            <returns></returns>
        </member>
        <member name="M:H.Recorders.NAudioRecorder.Dispose">
            <summary>
            
            </summary>
        </member>
    </members>
</doc>
