<?xml version="1.0"?>
<doc>
    <assembly>
        <name>H.Converters.WitAiConverter</name>
    </assembly>
    <members>
        <member name="T:H.Converters.WitAiConverter">
            <summary>
            
            </summary>
        </member>
        <member name="P:H.Converters.WitAiConverter.Token">
            <summary>
            
            </summary>
        </member>
        <member name="M:H.Converters.WitAiConverter.#ctor">
            <summary>
            
            </summary>
        </member>
        <member name="M:H.Converters.WitAiConverter.StartStreamingRecognitionAsync(System.Threading.CancellationToken)">
            <summary>
            
            </summary>
            <param name="cancellationToken"></param>
            <returns></returns>
        </member>
        <member name="M:H.Converters.WitAiConverter.ConvertAsync(System.Byte[],System.Threading.CancellationToken)">
            <summary>
            
            </summary>
            <param name="bytes"></param>
            <param name="cancellationToken"></param>
            <returns></returns>
        </member>
        <member name="T:H.Converters.WitAiStreamingRecognition">
            <summary>
            
            </summary>
        </member>
        <member name="M:H.Converters.WitAiStreamingRecognition.WriteAsync(System.Byte[],System.Threading.CancellationToken)">
            <summary>
            
            </summary>
            <param name="bytes"></param>
            <param name="cancellationToken"></param>
            <returns></returns>
        </member>
        <member name="M:H.Converters.WitAiStreamingRecognition.StopAsync(System.Threading.CancellationToken)">
            <summary>
            
            </summary>
            <param name="cancellationToken"></param>
            <returns></returns>
        </member>
        <member name="M:H.Converters.WitAiStreamingRecognition.Dispose(System.Boolean)">
            <summary>
            
            </summary>
            <param name="disposing"></param>
        </member>
        <member name="T:H.Converters.WitAiStreamingRecognitionWebRequest">
            <summary>
            
            </summary>
        </member>
        <member name="M:H.Converters.WitAiStreamingRecognitionWebRequest.WriteAsync(System.Byte[],System.Threading.CancellationToken)">
            <summary>
            
            </summary>
            <param name="bytes"></param>
            <param name="cancellationToken"></param>
            <returns></returns>
        </member>
        <member name="M:H.Converters.WitAiStreamingRecognitionWebRequest.StopAsync(System.Threading.CancellationToken)">
            <summary>
            
            </summary>
            <param name="cancellationToken"></param>
            <returns></returns>
        </member>
        <member name="M:H.Converters.WitAiStreamingRecognitionWebRequest.Dispose(System.Boolean)">
            <summary>
            
            </summary>
            <param name="disposing"></param>
        </member>
    </members>
</doc>
